Unnamed:0,sentence,ent_nut,ent_pos,ent_neg,sta_nut,sta_sup,sta_opp,senti,label
0,"we cant deny it , its really happening",0.10834695400000001,0.04018233,0.10834695400000001,3.3464112799896912,3.7030791468390016,6.257242474098276,Neutral,support
1,rt cde rw or iz timelines are short strategy must be in place by climate change conference in paris by december # able g #,0.09002109,0.05611384,0.09002109,2.213199737619913,2.8315633574017887,4.989714649195665,Positive,support
2,so exciting ! meaningful climate change action is on the way ! # ab poli # # ghg #,0.1105288,0.04008294,0.1105288,2.669655276882688,3.4526638264277767,5.391173276631004,Positive,support
3,"delivering good jobs for alberta , maintaining a stable economy meeting climate change strategy good goals # ab poli # # ghg #",0.09856317,0.049920835,0.09856317,2.4488440694948292,2.7358892190384463,4.8345063579664185,Positive,support
4,david swann says he wants carbon fund to be spent on public transportation and renewable energy # ej live # # able g #,0.10127782,0.047948495,0.10127782,3.0398110675309185,3.340797962976201,5.825594698710683,Neutral,support
5,questions about the lancet gh report ? # ask lancet # tweet chat happening now ! # acton climate # # climate health #,0.10455342,0.044882745,0.10455342,1.4553617614139105,2.6261584441408217,4.205592896882911,Neutral,support
6,we are working to elect climate friendly governments across north america # feel the bern # # ndp # # lpc # # gpc # # bq # # harper pac # ca,0.10637738,0.043602697999999995,0.10637738,2.7315818712710986,3.2995928516684137,5.585987614858213,Positive,support
7,chris le in berger change from # drivable # to # walkable # # 1 # benefit for # a pane 2015 #,0.10775863,0.041311352999999995,0.10775863,1.7980611400884303,2.2530447048200632,4.591947659612124,Positive,support
8,"our amazing # ess 15 # panel g kreme n , suffolk builds , max field weiss oakland on how to prepare protect # bay area # region from",0.09605849,0.051245525,0.09605849,2.374593374459028,2.7638727325034638,5.208744432328394,Positive,support
9,the climate change people are disgusting assholes money transfer scheme for elite may you rot,0.10939120000000001,0.040778592,0.10939120000000001,2.818167292613036,3.1442899039560204,5.8290440853328285,Negative,oppose
10,seriously weird s me out i have to wear # sunscreen # for the morning # dog walk # getting a # tan # at 9am ? # what the f k #,0.10934816,0.039656386,0.10934816,1.5715057438701572,1.7873161721371429,4.191175153676589,Negative,support
11,rt green living gb earth hour looks like a great event green is the way forward !,0.10261282,0.04673253,0.10261282,2.3465689292527667,2.6781641605857507,4.88895485244763,Positive,support
12,there use to be a glacier on the equator,0.103258036,0.043170497,0.103258036,3.2418279011005557,3.5334025720348645,6.092112087965488,Neutral,support
13,# path to positive # # la # region 's green leaders united to find local solutions to # la city hall #,0.10574974,0.04453828,0.10574974,1.9818002191262305,2.09845134974271,4.509103656231834,Positive,support
14,monster marcia kudos to these young people ! next generation of activists ! # only one earth #,0.10917757,0.041581064,0.10917757,2.3652612134030178,2.8635280930154665,5.223769409627301,Positive,support
15,"macro problems face us all , but people focus on micro problems because they are within our immediate power to fix",0.104369305,0.04560276,0.104369305,1.976060838879376,2.8849789014577385,4.974839019603094,Negative,support
16,drought effects spreading in western noram and because gov ' t will destroy prime farmland to enable more # lng # # site c # # bc poli #,0.10541865,0.043991104,0.10541865,2.4944546229418125,2.9654349661687167,5.393637029511472,Negative,support
17,regime change bc n dns tyl it 's sad to be the last generation that could change but does nothing # a us pol #,0.09934067,0.04938373,0.09934067,2.502053049477604,2.712190941277477,5.054145530991389,Negative,support
18,# netherlands # just taught the rest of the world a very important lesson,0.11105703,0.039457366,0.11105703,3.2803271364561053,3.0228246529112948,5.800700631052523,Positive,neutral
19,confession the state of the world has been getting me down lately # deaths in custody # # everyday racism #,0.11118162,0.03940577,0.11118162,3.254728310629071,3.203631304456611,5.775279190932259,Negative,neutral
20,go dutch new meaning citizens take their governments to court to make them act on climate promises # hague # # hope # # cop 21 #,0.09592651,0.052080125,0.09592651,3.286844317632516,3.785126104151317,5.979431731308725,Positive,support
21,thank you greenpeace nz for getting out there yesterday and highlighting one of the most important issues we are facing,0.10809906,0.04250902,0.10809906,2.394563833136867,2.8229365946199705,5.306911130529995,Positive,support
22,great to hear danny ks fun kde leon remind us # diversity # needed for best # innovation # # ess 15 # # america know show #,0.087874256,0.057341925999999994,0.087874256,2.3983824249779797,1.986831058932389,4.772622704568361,Positive,neutral
23,"is n't co2 impact on warming logarithmic , and at current levels , 390 ppm , incremental impact negligible ? # ndp #",0.10446633,0.043977045,0.10446633,3.2319601027573355,3.3296947194822395,5.853232341374708,Negative,support
24,is the new pahiatua plant going to be primarily coal fired ? large companies like fonterra should be taking the lead against,0.103198335,0.046388075,0.103198335,1.9607711322645198,2.2370345903968882,4.7514472014651,Neutral,support
25,# mission # # climate # home buy drinking water soda in big bottles # tip #,0.11092866,0.039020978,0.11092866,2.3745643662565312,3.7383478501378855,5.2170204412740215,Positive,support
26,"if you have any remaining doubts about climate change , go watch chasing ice on netflix and proceed to shitting your pants",0.1091097,0.04172124,0.1091097,1.974513101441417,2.390980201077174,4.449107786578543,Negative,support
27,"al harb if i 'll bomb anything i can get my hands on , especially if they are n't christian # graham 2016 # # gop #",0.10698425,0.043198347000000005,0.10698425,2.8886817255489645,2.349829544325133,5.240410518963168,Negative,neutral
28,"when debunking climate myths fight sticky myths with stickier facts , mention the myth and explain the fallacy !",0.10604989,0.04285676,0.10604989,2.689681726369092,3.4111243839546224,5.672919774775764,Negative,support
29,"i really ca n't stand the catholic church but i think i have a crush on # pope francis # ! shhhh , do n't tell ! # animal rights #",0.10488402,0.045093283,0.10488402,3.52354965676858,3.143307134437433,5.754240635459255,Neutral,neutral
30,ca n't wait to watch ' when attenborough met obama ' should be fascinating ! potus # sir david attenborough # # love my david # # hero #,0.09573362,0.052001595,0.09573362,3.5398182364758126,2.8129466650905632,5.326439581038622,Positive,neutral
31,mark ruff alo flea 333 kellys later unfortunate how usa refuses to take seriously damage we 're responsible for # save the earth #,0.094328925,0.05297720400000001,0.094328925,2.000532021233123,2.439489649967237,4.75806818692478,Negative,support
32,most people say that it is the intellect which makes a great scientist they are wrong it is character albert einstein,0.11028291,0.040591985,0.11028291,3.107167581428296,2.9240794570490354,5.440636362684625,Positive,neutral
33,cbc news national post the human mind is incapable of dealing with that of which it has no experience,0.110733524,0.04011131,0.110733524,3.1432021543992454,2.647399780401652,5.4857867223618415,Neutral,neutral
34,rt victorias watson whitehouse potus what a wonderful exchange between two of the world 's greatest men ! really touching # #,0.10309014,0.046458467999999996,0.10309014,2.825601302831516,2.4857524864999596,5.213620206151528,Positive,neutral
35,"i love this pope i do n't care what religion you are , this guy is awesome",0.11044671,0.039190747000000005,0.11044671,3.6543537461840994,3.338175526829528,5.824359397439588,Positive,neutral
36,appropriate that i 'd watch the futurama episode crimes of the hot before the hottest weekend so far this summer # futurama #,0.109700516,0.040562794,0.109700516,2.4604286313378103,1.6724103533005474,4.659283715443057,Neutral,neutral
37,why all talks # rainforests # ? 1 6 of the world russia is not less important ! # doctor carbon # advocate # sustainable # !,0.105513774,0.044698015,0.105513774,2.1473860014985524,2.7310461963059853,5.1223351281381015,Negative,support
38,a lot of damage is being done every day but we are going to win this # yr cannes # # cannes lions #,0.10860515400000001,0.042045698,0.10860515400000001,3.6076933866854985,3.884819123786535,6.31017186703462,Positive,support
39,in the you is coal is dead al gore cannes lions # cannes lions #,0.10963579999999999,0.040146016,0.10963579999999999,3.8176978238642167,3.8513805049507406,6.581783366516072,Negative,neutral
40,world farmers org congress bartol in i matteo dutch way in reducing greenhouse gasses agriculture is excellent example combat,0.10278933,0.04646126,0.10278933,2.1254504954850093,2.7253063248225526,5.1119100691679105,Positive,support
41,"rt transition louth bp plc we need degrowth stop destroying our planet , bp",0.107587196,0.04271993,0.107587196,1.757531910673616,2.6096346711029503,4.565715606715406,Negative,support
42,"par vasa eu a not to worry , our real enemy is # obama #",0.11031199,0.040542215,0.11031199,2.8961856560656103,2.449563867837631,5.220681232867828,Negative,neutral
43,' taking a stand to preserve traditional sea levels ',0.10995263,0.039442345,0.10995263,1.7916070139748286,2.183912613189156,4.6741197946665,Positive,support
44,big # dec a yeah # and happy # smack off # # ei chel day # to anthony salerno e ag the deuce # val kilmer # # bust #,0.10761182,0.04210139,0.10761182,2.9287745449149725,2.5011691944666823,5.3469869499220355,Neutral,neutral
45,"en v reddit no surprise with this , blind spotting has some ideas on how to take a holistic approach # circular economy #",0.10578365599999999,0.04407513,0.10578365599999999,3.1279402606809867,2.7250232313696547,5.659538503134179,Positive,neutral
46,"breaking this just in , an ocean wave just broke an inch further on the beach than normal !",0.11028571,0.039197892000000005,0.11028571,1.9743681519888807,2.2009577295264324,5.637680629069327,Negative,oppose
47,"with no rain in the next 5 days , it would have been the driest june in # santiago # de # chile # in morden history",0.108264655,0.04245224,0.108264655,3.4902288214330626,3.6350412808608894,6.195930992678635,Neutral,support
48,sen whitehouse dr david legates of the university of delaware explain higher temperatures lead to higher levels of co2,0.103738755,0.04578679,0.103738755,2.4968152802057313,2.9799631099051567,5.4394666613337135,Neutral,support
49,"politics , religion , race we are so busy killing hurting each other , earth dries up we will all die anyway # drought #",0.11030378,0.040330887,0.11030378,2.3232089895872736,2.6716628463708068,4.936686798323634,Negative,support
50,sha lyn 67 religion race have already been disproven by reason and science i wonder what we can do about politics # drought #,0.10542887,0.04463733,0.10542887,2.434281944963784,1.9500555331591332,4.77618489139497,Negative,neutral
51,"what a great week for social issues # scotus # now , let 's get to work on # environment # and",0.10953521,0.041376255,0.10953521,2.7497330507281363,3.0553636961463684,5.226414088391499,Positive,support
52,"islamists kill in france , tunisia and syria but let 's remember that our greatest threat is from the # hoax # formerly known as",0.10690467,0.04362987,0.10690467,2.230224286178748,1.5511472904870378,4.5800975082561335,Negative,neutral
53,so # christian # is without beaches what is your god going to make sand people out of ? # rising sea level #,0.10900924,0.041780002000000004,0.10900924,3.5488345341680736,3.8073089368972015,6.366601245925442,Negative,support
54,jim rome day trip per 20 yeah yeah yeah yeah # smack off # # val kilmer # # seeing wonder # # bum smack #,0.10554583,0.044677615,0.10554583,2.8528484908672787,1.7537430759839734,4.798501569035659,Positive,neutral
55,i do n't want to be that guy but can we now make climate change denier marriage illegal ? # marriage e quail it y # # idea #,0.10470429,0.04524724,0.10470429,3.0500099556022815,3.172992018083536,5.456844812781403,Negative,support
56,"seriously , how many times can # republicans # be wrong ? # aca # # lgbt rights # # government shutdown # # auto bailout # # stimulus spending #",0.09911289999999999,0.04936208,0.09911289999999999,2.7151584287158803,2.228199167530013,5.08457862172756,Negative,neutral
57,dear # seattle weather # please stay exactly how you are right now # this morning # # okay thanks bye #,0.10750981,0.043103687,0.10750981,2.330350518639328,2.053995486847739,4.753579128445692,Positive,neutral
58,nc register peace is christ diocese fw sb catholic vote unless it 's,0.10879896,0.041356288,0.10879896,2.6930352458894995,1.9262328130465272,5.0137695488260565,Neutral,neutral
59,jim rome i think the 5k has got them gripping romey # smack off # # val kilmer # # seeing wonder #,0.11012463,0.040150896,0.11012463,3.0649457719850703,2.382211354071362,5.315002715382374,Negative,neutral
60,the best call still and will always be matt in cleveland # kirstie allie # # val kilmer #,0.11154808,0.03907069,0.11154808,2.5715551481458387,1.7623153532509233,4.744667321437138,Positive,neutral
61,flying free 333 wow that is certainly an extreme prognostication ! # gop # # libertarian #,0.109637395,0.04036686,0.109637395,2.289967373476009,1.38229422637974,4.528069692101792,Negative,neutral
62,let 's all stop saying people do n't believe in climate change it 's not a matter of faith they do n't understand,0.10574574,0.044529295999999996,0.10574574,3.3583342660422586,3.4183325849404973,5.431588647383513,Negative,support
63,( too too ) 300 words and be sent to climate conference 2015 gmail com # sustainable # # sustainable development #,0.10511019,0.04431188,0.10511019,1.9146704019854353,2.540607503173315,4.689627045903392,Neutral,support
64,a l i well they should ! why do you think people in karachi are dying ? because we do n't care about our environment !,0.11071906,0.03952066,0.11071906,2.8509700675516636,2.8954877701420862,5.228374882797972,Negative,support
65,why is nothing being done about,0.10653649,0.041010952999999996,0.10653649,4.017817811634453,4.322732432773252,6.6985050725031225,Negative,neutral
66,"if it does n't warm up soon number 10 gov , i want my money back on the panels for mis selling # minutes # # dod gy data # # dr t ker #",0.09942693,0.0488173,0.09942693,3.4299596001860406,3.3015041586017615,5.864649434245307,Negative,neutral
67,news flash for all the haters ! ! the earth is round ! # love wins # # scotus #,0.11028524,0.040140584,0.11028524,2.9637807365714997,2.9988045966107872,5.515899323113548,Neutral,neutral
68,"l sty gal i'm with you there , plenty of followers on that do to # environment # # green vegans # # plugging #",0.10517718,0.04224883,0.10517718,2.781906733330766,2.9975663674325244,5.416758372628986,Positive,support
69,eating a cow is 9x worse than eating a chicken in terms of co2 emissions,0.10523734,0.04195126,0.10523734,2.033192167010322,2.5789872825054467,5.043568418203083,Negative,support
70,"when the last tree is cut down , the last fish eaten the last stream poisoned , you will realize that you cannot eat money",0.10638796,0.043939933,0.10638796,2.006450546762488,2.6063271976621225,4.920305373892272,Negative,support
71,australia is leading the way backwards # marriage e quail it y # # a us pol #,0.110559255,0.040178582000000004,0.110559255,3.2811245502389554,3.1831716632740785,5.767920271834943,Negative,neutral
72,climate central christine milne some people are so guilt free,0.11040579,0.03966123,0.11040579,2.5492687822080597,2.3485145846671114,4.884131752800728,Negative,neutral
73,america is changing faster like speed of the light # confederate takedown # # love wins #,0.10996658,0.040869683,0.10996658,2.469520061786369,2.1796311634505074,4.77077030913591,Positive,neutral
74,climate change ? ! explain the definition of climate change # fraud # # c cot # # liberty # # cruz crew #,0.10936635,0.041486226,0.10936635,3.45057652029579,4.0782375240766235,5.984179080273742,Negative,oppose
75,washington post that is one of the most insane and delusion quotes i 've ever seen # t cot # # t lot #,0.11082545,0.03975542,0.11082545,2.5842177847469983,1.849178151957692,4.902518190858162,Negative,neutral
76,just got canvassed ! hope you 'll join me in supporting v pir g this summer ! # solar # # people power #,0.106806085,0.043570377,0.106806085,2.528765610101729,2.7978480824199616,5.180719298705308,Positive,support
77,when you think about # gop # positions on # marriage equality # # equal pay # # guns # # marijuana # its no surprise they do n't believe in,0.10695108,0.0435279,0.10695108,3.074127221036425,2.3474246611177656,5.158997542232141,Negative,neutral
78,ann britt on nicol le flint guin ni pig time will prove who 's right # disease # # drought # # obesity #,0.10317356,0.04609015599999999,0.10317356,1.7572387450726903,2.2246241060237293,4.694136041781379,Positive,support
79,"last time i checked , al gore is a politician , not a scientist # wc s 15 #",0.11071689400000001,0.039751902,0.11071689400000001,2.6338888317598115,2.4383927244965142,5.596942125253963,Negative,oppose
80,the default scientific position is skepticism # t cot #,0.10897951,0.03995768,0.10897951,2.5081903580422518,2.056546807452115,4.836478935819024,Negative,neutral
81,"one day it will be clear that someone has changed their opinion due too one or more of my tweets , but i'm not holding my breath",0.10837750000000002,0.04237719,0.10837750000000002,2.9436204600278186,2.668707515687464,5.291358227655835,Neutral,neutral
82,"by the way , barack obama potus , seem as though you have been losing in the fight against",0.10972242,0.041257962999999995,0.10972242,2.4530651984235994,2.109679215970897,4.515545516414242,Negative,neutral
83,considering moving year old antarctica as thats the only way i could possibly become more # chill #,0.10787984,0.04289113,0.10787984,2.8970054551349977,2.8070361533932906,5.456384457634113,Negative,neutral
84,"# friendly fire # ye bsa no , alex verbeek , about r energy , climate thing , recycle 2 print work for a # green # energy future",0.0915,0.05476836,0.0915,1.2260575559809397,2.013387180177671,4.043537839387581,Positive,support
85,"# friendly fire # carbon tax center , protect he planet , wc s myanmar , climate wise 2015 , prag m activist 99 work for a # green # energy future",0.08975771,0.055619866,0.08975771,2.7560257886257444,3.4112008286312383,5.610375268128713,Positive,support
86,this just in republican primary debates are down to topic of who wore it better ? # love wins # # marriage e quail it y # # obamacare #,0.10842216,0.04220657,0.10842216,3.18958805510309,2.859354841610664,5.5990295467762445,Negative,neutral
87,# mission # # climate # home wrap your water heater in an insulation blanket # tip # # acton climate #,0.10986627,0.039802954,0.10986627,1.8111555228261007,3.4873519692034045,4.6694104272388754,Positive,support
88,c schultz w x there has been a ton of lightning up there every other day for the past week ! # laugh out loud #,0.10626769,0.044005222999999996,0.10626769,3.313387528325636,3.002320762567491,5.81541590839712,Positive,neutral
89,dr oakley 1689 ph x apologetics maybe they just misused their resources and their societies collapsed # deforestation #,0.10577062,0.042973936,0.10577062,2.8552591914167347,3.3530975518754755,5.869107244896731,Negative,support
90,log ix living my lawn is burnt two days after rain # ye g #,0.10812733,0.040614172999999996,0.10812733,2.136146363697149,1.5560028513535589,4.530939386905892,Neutral,neutral
91,it 's hotter in oregon then it is in california right now,0.10742776,0.04051180000000001,0.10742776,3.111258563655082,3.246401839777575,5.707127096710898,Neutral,support
92,negative times a negative equals a positive wonder if that applies to emotions too ? ? ? # man thoughts # # sustainable humans #,0.10844626,0.04217863,0.10844626,2.2847902089475824,1.625055552672617,4.5356219972550775,Negative,neutral
93,the # karachi heatwave # death toll climbs to 1210 deaths in 5 days # carbon emissions #,0.10865659,0.04117532,0.10865659,2.0161413584392527,2.347738181479225,4.7047708730217614,Negative,support
94,theresa beh i'm just happy he 's telling the gop to wise up reply,0.10897426,0.04148726,0.10897426,2.9733625421890246,2.167857827349228,5.092103590648819,Positive,neutral
95,i'm in hell i feel the fiery tips of insidious angry comments swiftly sauntering into my room or maybe i do n't have ac,0.108921364,0.041314967,0.108921364,2.986967824519671,2.37659572552811,5.245641103760252,Negative,neutral
96,why is there no # captain planet # movie ? ? ? rt if you want one # environment # # planet # # earth #,0.11072368,0.039686754,0.11072368,2.639363125722399,2.6995835495705385,4.892805778600319,Neutral,neutral
97,bill moyer s hq congratulations to the dutch ! ! ! ! ! ! ! good work ! ! ! ! ! ! # change #,0.10949562,0.04136361,0.10949562,1.455259650011133,0.7439074858365479,3.3804125247832983,Positive,neutral
98,sunny rainy bipolar weather wow real quick ma nigga,0.109811366,0.03990128,0.109811366,2.731119922531464,2.3563713592376656,5.228250552555119,Negative,neutral
99,"msi mire says children , women , elderly people especially at risk to health impacts of # climate reporting 2015 #",0.104542464,0.045071772999999996,0.104542464,2.60826498746161,3.3295128284327538,5.426915543427125,Negative,support
100,not a barrister scruff love pfft we 're getting that next week # standard #,0.1101915,0.040202416,0.1101915,2.699929483516229,2.1720690339069035,5.0851800424435725,Neutral,neutral
101,observations on the atmosphere and oceans reflect the human influence in climate change via dr dimitra found a # ren greece #,0.1067407,0.043410905,0.1067407,3.1511353609906614,3.724427258040175,5.923925997108734,Neutral,support
102,# mission # # climate # home opt for reusable bags instead of plastic bags ( by gaiam ) # tip # # acton climate #,0.10781113,0.04058671,0.10781113,1.590483535995084,2.9848998689406523,4.443084088798295,Positive,support
103,irish 0831 good grief ! i can feel the desperation seeping off the page good we 've got 'em on the ropes,0.10911524,0.04155059,0.10911524,2.330925082892219,1.5613994263803384,4.421968947672221,Positive,neutral
104,rt zero footprint rt climate reality # climate fact # india may stand to lose 1 8 of its annual gdp by 2050 due to,0.09042914,0.05551172,0.09042914,2.577755105609819,3.243907417226368,5.1552672468696965,Neutral,support
105,v queen noor v guardian the biggest story in world podcast whitehouse al gore the hill of gop stupidity and ignorance !,0.10087056,0.047908515,0.10087056,2.5345271998410706,1.7469300258857192,4.785766122562875,Negative,neutral
106,the facts are in it is clear as our numbered days climate change is humanity 's fault and we are facing extinction,0.109299965,0.041296594,0.109299965,2.9292743703126365,3.1888162803298568,5.280938155750111,Negative,support
107,"aman pasha higher sea levels temperature , glacial retreat , warmer oceans , extreme weather events plenty of evidence",0.10101034,0.04783503,0.10101034,2.1884858960756604,2.7336727205413265,5.184338376525835,Negative,support
108,"if ozone science had been ignored by your dad , jeb bush we would be in dire straits right now could you thank him for us ?",0.098872736,0.049917199999999995,0.098872736,2.3609679818740053,2.6470151282958856,5.150197976806939,Negative,support
109,working with artists culture is key to weave through the efforts we 're doing # grassroots #,0.1104093,0.03989519,0.1104093,3.1861593074808443,2.8733327108542888,5.722079306851548,Positive,neutral
110,bras fil d tsb he hit the nail on the head we 're ( hopefully ) on the edge of a paradigm shift on,0.10784969,0.041860566,0.10784969,3.0973203329683017,2.6833794565958184,5.670497802457381,Positive,neutral
111,ocean acidification is the most important scientific crisis that we face today donna roberts # cambio climatic o #,0.10952203,0.041223012,0.10952203,2.3860644272036,2.789777831484733,5.14453596408267,Negative,support
112,"today is june 27th and it 's 66 degrees out , what the f k # take me 2 the carri bean # # anywhere near the equator #",0.10928946,0.041229375,0.10928946,3.3732155943294124,3.7605432203726488,6.156962095069134,Negative,support
113,the amount of hot takes coming from # love wins # is the single most significant cause of # thanks obama #,0.10461177,0.045456357,0.10461177,2.9715243208343862,2.624051654497161,5.385507953129986,Positive,neutral
114,at 2c increase we 're expecting 20 30 species at risk of # extinction # rosina bierbaum # cambio c lim tico #,0.10845532,0.041270457,0.10845532,3.0785273243261355,3.4777502637171125,5.941030802448402,Negative,support
115,"mercian rocky rex i suspect that dan hanna nme p may well just prefer to stick to his , erm , principles on this one",0.10193563,0.046997845,0.10193563,2.8147161416501243,2.203444893187914,5.346392618623455,Neutral,neutral
116,"that # putin # chap must be extremely # confused # , it stuck between too old now # ideologies # just between you me ! regards d # peace #",0.10957848,0.040921025,0.10957848,2.362498115669783,1.753337874605536,4.738020563311674,Negative,neutral
117,i like learning in depth about nutrition health ted talks netflix uk # disease # # western diet # # health # # agriculture #,0.103503235,0.04615976,0.103503235,3.379108725888293,3.405797919203311,6.139926332446128,Positive,neutral
118,oh my lord ! so hot and humid for few days now can you stop cutting trees and cut down your emissions world ? ? ? # save the world #,0.10202199,0.047287277999999995,0.10202199,1.3490217806444065,2.129420864484341,3.942446191185288,Negative,support
119,did you know th # scotus # is too decide if # coal # plants can keep # emitting # unlimited # mercury # too are atmosphere ? # potus # # gop # # justices #,0.10598928,0.04386723,0.10598928,2.1831898403931294,2.828428379647161,5.109492694343335,Neutral,support
120,"hmmm , what 's next reply my # bucket list # i wonder in # peace # in a # democratic # manner reply # why # i'm here ? # peace # # democracy # # goal # ?",0.09439591,0.053045325,0.09439591,3.0212739552912082,2.0985687614070447,5.014976270909745,Positive,neutral
121,is there a breeze i can catch lakefront or will i die of a heat stroke there as well ? # heatstroke #,0.11051103,0.03956969,0.11051103,2.7567223461524715,3.2836096254673155,5.738891809544182,Negative,support
122,fossil fuel investment wo n't necessarily stop climate change but it is a step in the right direction # keep it in the ground #,0.09706082,0.05125004,0.09706082,2.8902601412142115,3.3502090348847364,5.281430882013559,Positive,support
123,government trusts you to listen to the narrative but never enough to let you see the proof,0.10900054,0.041890107,0.10900054,2.6783236610509946,2.3556496745559343,5.163985029415208,Negative,neutral
124,speaker boehner jeb bush ted cruz denial is n't just a river in egypt it 's # gop # strategy # racism #,0.10347582400000001,0.04611268599999999,0.10347582400000001,2.6716142481394605,1.8677333536173035,4.888678439827394,Negative,neutral
125,"thanks susan bowen photo omani blog had fun in my home county , will be back later this summer with castell s carmen catching up for",0.10558367,0.044480935,0.10558367,2.4237212889287547,2.0077982744373406,4.836010957470935,Positive,neutral
126,loud ass thunder and three seconds of rain here # thanks obama #,0.110032625,0.040578342999999996,0.110032625,2.3848167099534447,2.4094249209933016,4.907363566028506,Negative,support
127,when your wearing sweaters in the summer,0.09977807,0.045315787,0.09977807,0.9126997195103701,1.920019063582104,3.7295166594794935,Negative,support
128,for me watching the # ideology # of # capitalism # at work is like watching a train wreck in # progress # ! # democracy # # goal # ? # future #,0.10313754,0.046522185,0.10313754,2.255581002582954,1.44962723220548,4.096608707545621,Negative,neutral
129,# technology # is a sign of how far we have come ! the # ideology # of # capitalism # is a sign of how far we have to go ! # methodology #,0.10834984,0.042420343,0.10834984,3.5097229103438488,3.6954176251428894,6.157515779515148,Positive,neutral
130,"the 1 is a # democratic # dip in deeper waters no more reply # why # i'm here , regards dion # peace # # democracy # ! # goal # ? # future # ? ? ?",0.098643064,0.049993699999999995,0.098643064,3.207695308718464,2.617756480792312,5.309774256322419,Negative,neutral
131,"after the millennials come the apocalyptic als thanks , breeders # overpopulation #",0.10759606,0.040928856,0.10759606,3.3368647559370483,3.2632048257134443,6.0615054539649975,Negative,neutral
132,a changing planet for places where climate change is taking its toll,0.11062215,0.039719199999999996,0.11062215,2.5834549059178196,3.4197942404356736,4.828585948242446,Negative,support
133,"thank you to all our 300 followers , helping us to raise awareness of # human rights # # sos europe # # prisoners of conscience # # torture #",0.10307162,0.046699405,0.10307162,3.3609758306956747,3.2248321689235726,5.984374092715727,Positive,neutral
134,"i'm blowing ac with the top off , in the middle of the night , in oregon",0.11054826,0.039604902000000004,0.11054826,2.7896034603649054,2.926147498794321,5.41637686905588,Neutral,support
135,there 's a great challenge for # leaders h hip # in # globs l opportunity # 2 search synergetic efforts with their fellows to get engaged in,0.09824759,0.050213262,0.09824759,2.5722870357336105,2.1694055756229456,4.7694370437032925,Positive,neutral
136,# seattle # 72 degrees trying to sleep with industrial fan sounds like choppers are circling the house # heatwave #,0.110166535,0.040610604,0.110166535,1.366418098428996,1.7127628641388692,4.232990795510838,Negative,support
137,"un yet another i # pray # in my own way day reply # why # i'm online , that # important # this i know ! regards dion # peace # # future #",0.09589115,0.05204112,0.09589115,3.1685239032871833,2.8070077886240634,5.529206395679799,Positive,neutral
138,"first listen , then conviction , next action dali lama on # glas to 2015 #",0.11041944,0.039591573,0.11041944,2.8492196240714485,2.805939771966853,5.297208388526168,Positive,neutral
139,brilliant talk from george mon bio t # dali # lama guardian # investment # is the key action for all on # glas to 2015 #,0.10642413,0.043378614,0.10642413,2.3300211175248293,1.8240964218345328,4.640792732462812,Positive,neutral
140,i'm burning up baby where you at ? # hanging # # hang in pl s #,0.102071114,0.04356236,0.102071114,4.6954548610736895,4.795401265338363,7.33181441583634,Negative,neutral
141,rt va run kr 842 # please # save trees for our own # survival # to fight # save our planet #,0.10352491,0.045946613,0.10352491,1.3007269400542358,1.84334785212792,3.9376840327154286,Positive,support
142,"this pope i swear , he is about to tempt my wayward ass back to the church # love # # justice #",0.11040133,0.04028658,0.11040133,2.695014671297292,2.372097471926537,5.108020253849569,Positive,neutral
143,# mission # # climate # on the road give your car a break ( by Emergency Parent Alert ) # tip #,0.110384144,0.040602505,0.110384144,1.3190051628778148,2.5877762659583325,4.12436014490435,Neutral,support
144,"raining again then Instant Message sure , it wi suddenly get warm again right after",0.10981885,0.04104933,0.10981885,1.8120070341220549,2.0523758036087973,4.461225836943784,Negative,support
145,as they say touch wood say tomorrow then i will # democratically # be back this way ! ? ! ! reply 's d # peace # really gone # democracy #,0.09938719,0.04953569,0.09938719,3.1992703211340103,2.823692403796105,5.453579515047005,Negative,neutral
146,wearing a sweater at the end of june ! # it feels like spring #,0.11040097,0.03942772,0.11040097,1.8728744305885865,2.3142961753846154,4.623764889309056,Neutral,support
147,bliss tabitha i'm sure this eco friendly pope will remember to turn off the lights on his way out # last pope # # pope for planet #,0.09809089,0.050330974,0.09809089,1.6591118892341474,1.7384697859236369,4.166232088477401,Positive,support
148,# space # is looking like major litterbug ! do they clean up the debris it 's 1500 if i litter hi way space x,0.10870629,0.040872037,0.10870629,2.299570869163788,1.503676321733331,4.560260456615146,Negative,neutral
149,real donald trump you are not very smart donald,0.109342135,0.03987308,0.109342135,3.826852661002801,3.995677573924651,6.613494657761916,Negative,neutral
150,# mission # # climate # home move your thermostat down 2c in winter and up 2c in summer # tip # # do your part #,0.10941044,0.041203618,0.10941044,2.432544872061217,3.830747045396184,5.148530964869213,Positive,support
151,riley rode r and yet james inhofe tells us that global warming is n't real,0.104537465,0.045465782,0.104537465,1.9300627906759935,2.0592241023549103,4.549696573062085,Negative,support
152,quinn 43 thanks for the follow check out Couldn't Care Less for solutions # solutions # # citizens climate lobby 2015 #,0.10421974,0.04553187,0.10421974,2.5173839814788117,3.267868764597339,5.574563621521476,Positive,support
153,# republican # party will go down in history books as party that stood in the way of # gay rights # and initiative to reverse,0.10368666,0.046152078,0.10368666,3.328980877908936,3.0079236215595966,5.839460250203197,Negative,neutral
154,bought media advertising earned media # social media # real causes do not have # bot followers # # environment # # cruelty free #,0.1051013,0.044922605,0.1051013,1.5542117592536218,2.217507505870313,4.460205750252092,Negative,support
155,carol holman heifer 109 i always said that democrats would tax the weather if they could,0.10370642,0.046122044,0.10370642,2.3405077517737616,1.6124421539188456,4.7448878975148965,Negative,neutral
156,chelsea ma gop he 's not perfect who among us is ? ) # encyclical #,0.11090507,0.03961304,0.11090507,3.836880384879462,3.5007659041017787,6.268587850177847,Negative,neutral
157,5 6 inches of rain in a day from next day there is no rain at all temperature reaches 39 see in # ahmedabad # # environment #,0.10625343,0.04405853,0.10625343,2.5780025022809827,2.8039981141244086,5.216133291453521,Neutral,support
158,go ahead aiw support strong compass global climate agreement passed # u u aga #,0.10543631,0.044672802000000005,0.10543631,2.3926931621646146,3.1026183096494546,5.27326969305276,Neutral,support
159,the last thing # australia # or the world needs are too more vast earth destroying # coal # mines ! let 's get real and fight # a us pol #,0.09642235,0.05164647,0.09642235,2.526691772208303,3.0575246923494364,5.148236007247307,Negative,support
160,"barack obama meets david attenborough , i'm so ready for this and i cannot wait ! 89 year 's old and always on form # legend #",0.097424,0.05097668,0.097424,3.7187916236187055,3.5179035304052846,5.9223023771529375,Positive,neutral
161,enjoying watching sir david attenborough and obama talk about climate change mitigation # love nature #,0.102218695,0.047281325,0.102218695,3.2226647122311127,3.1978964619855965,5.198239285857139,Positive,support
162,"attenborough ' the real problem is global ' i e not just me , or you , but us",0.11062639,0.03978222,0.11062639,2.674160642069885,3.1622222484999747,5.215270324348238,Negative,support
163,"' ' this is the planet on which we live , it 's the only one we 've got and we 've got to protect it '' # obama # # attenborough #",0.11075632,0.040070467,0.11075632,3.914424248609241,3.9035917317979902,6.371772821835173,Positive,support
164,"the natural world is part of our inheritance , we have to protect it sir at ten boro ug with potus on # bbc # # earth #",0.10948323,0.040652483999999996,0.10948323,3.1381350181516385,3.66907247205857,5.906140499793426,Positive,support
165,amazing interview with potus and david attenborough,0.10760373,0.040845565,0.10760373,3.368401791560359,3.1497498766019247,5.64833381524728,Positive,neutral
166,# vatican # will be destroyed the most vile creatures ever the creators of # islam # # sodomising # # children # # fake stine # and,0.107645646,0.040681086,0.107645646,2.5922567109840986,1.9540958172071932,5.037896309109329,Negative,neutral
167,the west com au pam mie oz we 're way behind everybody on just about everything # gay marriage # # asylum seekers #,0.103958845,0.045589738,0.103958845,2.7990060608900333,2.396103665554065,5.259420500264251,Negative,neutral
168,regards dion # peace # to you all # including # into the # future # on a clearly # known # to be # finite in nature planet # out here gone,0.10901705,0.041796423,0.10901705,2.9318120539300097,3.2741193362085976,5.656102018849607,Positive,support
169,"oh watching the # news # reply # greece # currently , it 's ( all ) # relative # reply # why # i'm here ! reply 's d # peace # # gms # # democracy # # goal # ? ? ?",0.09751585,0.05054967,0.09751585,3.6492810930157353,3.1074759826344867,5.656675684439821,Neutral,neutral
170,"tony abbott m hr still boasting on international stage of removing price on carbon , which he refers to as toxic tax # a us pol #",0.10257761,0.046603568,0.10257761,2.216545674569231,1.3483985525287892,4.405671007476836,Negative,neutral
171,we support australia 's climate roundtable which is providing a framework for sensible debate ahead of paris cop 21,0.104898855,0.045201883,0.104898855,2.1736957131952708,2.648194619403573,4.956129964476407,Positive,support
172,"if you say climate change is a myth , you may want to become a fantasy author since you already live in an alternate reality",0.101509534,0.047870502,0.101509534,3.2940556064459336,3.7305501212983687,5.943718412866168,Negative,support
173,rt abhinav khanal 700 people dead in pakistan due to heatwave,0.10800113,0.041018307000000004,0.10800113,2.1113096382024312,2.3721216099900206,4.829465375206953,Negative,support
174,glad for the millions of lives improved this week now let 's set our sights on helping millions more # immigration action #,0.103974365,0.04599394,0.103974365,3.2295282594475667,2.934794121677728,5.741149407506106,Positive,neutral
175,at what point do we rename summer the rainy season ? # cd n poli #,0.10915275,0.04003606,0.10915275,2.6184462978105816,2.9703172584148447,5.322420819521446,Neutral,support
176,"can barack obama use 866 , 615 of jet fuel on his # earth day # trip to florida ? yes he can ! ! ! my a off potus # fail #",0.10362381,0.046205387,0.10362381,2.8055303122199287,2.4745821274174733,5.080040629784043,Negative,neutral
177,honestly i do n't understand why i like california so much i'm so bad in the heat,0.11052923,0.040290095,0.11052923,3.360293689324513,2.6799839297905805,5.445292318629686,Neutral,neutral
178,inland so cal has been hot and humid all day this seems to be our summers muggy so strange,0.11082014,0.03937155,0.11082014,2.4871557230704,2.813232962477188,5.084205369214215,Negative,support
179,building renovations turn 10mm into 1 mmm over time # business # # money # # wallstreet # # enterprise # # entrepreneur # # engineering #,0.107238166,0.04275743,0.107238166,2.4784330116904467,2.2422296277377205,4.794905728501699,Positive,neutral
180,# mission # # climate # home purchase green power ( if available ) ( by Emergency Parent Alert ) # tip #,0.10944124,0.04150112,0.10944124,2.8053068451259096,4.501543738184039,5.689549193172832,Neutral,support
181,# annapurna van che s war an # says it took too years to cut through the # bureaucracy # speak to indian # government # about # pivotal 15 #,0.10037567,0.048659064,0.10037567,2.4905728281000985,2.099125064614552,4.9133360706546085,Positive,neutral
182,a dutch court has ruled that the gov must cut emissions under human rights law ! interesting # climate justice 2015 #,0.10223947,0.04715042,0.10223947,2.739499485156597,3.236173799666409,5.3264699426219515,Positive,support
183,good luck solar impulse for # flight 8 # you will do it andre borsch berg ! # solar # # solar impulse # # acton climate #,0.10830396,0.041961253,0.10830396,2.1744318784663688,2.777989403682452,4.946823559035538,Positive,support
184,population growth is only a problem because humans treat the earth like shit # go vegan # # environment #,0.11055684,0.0401245,0.11055684,2.0294870577826747,2.4550155348909177,4.7963958503162765,Negative,support
185,# kca # # vote j kt 48 id # engi e group # engi e # 9 new # cop 21 # solutions and more here,0.10030294,0.04804617,0.10030294,2.3423797840271883,1.6371878545460987,4.612695259253933,Neutral,neutral
186,there are no two sides to this discussion stop motion solo,0.110981286,0.039762236,0.110981286,2.4725730060072904,2.347035822216692,4.763712943971192,Negative,neutral
187,john watterson is attending ippc meeting to help shape the future of international greenhouse gas emission estimation methods,0.1023405,0.046902902,0.1023405,1.99164807762214,2.294375787481045,4.751312419407888,Positive,support
188,david attenborough meets barack obama on # tv n zone # interview on his life and the effects of,0.10646167,0.043938927,0.10646167,2.9650013083544384,2.4062140998503883,5.0271782403983565,Neutral,neutral
189,abc news afterward can they call tony abbott m hr and advise him he needs to act on # a us pol #,0.10694418,0.043423995,0.10694418,2.278884848407804,1.530013701669768,4.346044528654524,Neutral,neutral
190,popup incubator # innovation # of super converter on fishing boat with no more use of fossil fuel is looking for funding scheme in,0.10504985,0.044198886,0.10504985,2.0109796984541206,2.5881458131427952,4.958587832333771,Positive,support
191,cutie barack obama i do n't have much patience for anyone who denies that this challenge is real 1 too,0.10537851,0.04484281,0.10537851,2.400789196704356,1.6843923195891874,4.388379720468587,Negative,neutral
192,sa has played an instrumental role in rallying other basic countries to strengthen south south cooperation on matters around,0.101092175,0.048167586,0.101092175,3.2794860649403437,2.919323978282041,5.949085645837356,Positive,neutral
193,do # catholics # follow # god # 's word or this # pope # 's ramblings ?,0.109440774,0.039668076000000004,0.109440774,3.3105697979665014,3.441815544660969,5.901960712297338,Negative,neutral
194,dallas still has n't hit 100 this year,0.110727206,0.03928604,0.110727206,2.5996204207473994,1.8985682131616028,4.573504171033099,Neutral,neutral
195,the same people who think paul spoke for god when denouncing gays also think the current pope does not speak for god,0.1040403,0.045844376,0.1040403,3.1421951066050515,2.8795195569701124,5.6779546243911465,Negative,neutral
196,anyone else agree we should switch to concrete ? them new snazzy self lit roads in netherlands ! # electricity saving # # autobahn #,0.10874843599999999,0.041540593,0.10874843599999999,2.21479753150991,2.71590122950582,5.151954495016941,Positive,support
197,"all eyes on china , reports climate nexus plan building on agreement with us reply # emissions # expected soon # cop 21 # # ghg #",0.09639862,0.051663414000000005,0.09639862,2.3848680970984466,2.97321149133973,4.987922508755576,Neutral,support
198,reading the whale and the supercomputer on the northern front of climate change by charles wohlforth # arctic #,0.10933844,0.041142866,0.10933844,2.2536987644971194,2.912362984943261,5.048647251451243,Positive,support
199,# mission # # climate # home wash laundry in cold water ( by et power lines ) # tip # # do your part #,0.11001708,0.04049199,0.11001708,2.149532927437636,3.671409917847548,5.1434436199598625,Positive,support
200,today the kingdom of bahrain participates in the high level event on climate change at the un # un 70 #,0.10469247,0.045131378,0.10469247,2.2002292395594205,3.046472039639542,4.964569544639519,Neutral,support
201,"president tong tells story of vulnerability resilience of # kiribati # , # maldives # other low lying states sids # action 2015 #",0.10682212,0.04324592,0.10682212,2.790457733895468,2.4083118652935944,5.253377733057049,Positive,neutral
202,monsignor sanchez sorondo earth is sick we need to heal it,0.10907441,0.04033432,0.10907441,1.5435043697092767,2.3908738326272,4.766054024831375,Negative,support
203,"we need to work with confidence , transparence and guided by consensus manu pul gar vidal at un pga event on # action 2015 #",0.10087367,0.04748065,0.10087367,2.3434293931330794,1.8489642547444507,4.801623009481914,Positive,neutral
204,road to # paris 2015 # # adp 2015 # co chairs ' new tool will be presented on july 24th manu pul gar vidal at un pga event on,0.09609467,0.05031742,0.09609467,2.0719981396064115,1.459690662041914,4.476728339240516,Positive,neutral
205,# equity # # financial # # solidarity # and # transparency # is what # 2015 text # needs says # fabius # at # un # # go ahead #,0.10285081,0.046706483,0.10285081,2.350055999692122,2.0322885997617464,4.82298040547275,Negative,neutral
206,can we build # thorium # # lft r # now before its 200 degrees during summer # mya c sucks #,0.10963208,0.040209994,0.10963208,1.893011351591124,2.574887027059601,4.594628945526441,Negative,support
207,what is at stake is the survival of our and next generation indigenous people youth # unga # # action 2015 # # cop 21 #,0.1095668,0.041281365,0.1095668,2.706681884915912,3.2208113220007752,5.571582811194454,Negative,support
208,stress on # water # resources threatens lives and livelihoods # an thro po cene age # # sustainable #,0.10916480000000002,0.040452413,0.10916480000000002,2.3222385373757346,2.9927282370333894,5.372170242208716,Negative,support
209,minister manu pul gar vidal about the importance of # in dc s # to build momentum to # paris 2015 # at press conference at # un #,0.09648561,0.051101714000000006,0.09648561,2.437012696367531,1.808716378071,4.81042938478545,Neutral,neutral
210,why is the pope upset ? via huff post comedy # unzipped truth # # pope francis #,0.11019686599999999,0.040455908,0.11019686599999999,2.5636317612349093,1.6541855507614185,4.792142526606993,Neutral,neutral
211,janez pot oc nik 22 the eu is spending the 300 billion collected through environmental tax on fossil fuel subsidies # al medal en #,0.089910746,0.05579964,0.089910746,2.576744122635033,3.1366609714137548,5.6141793559642075,Neutral,support
212,"these days this i # know # ! i # implemented # it years ago simply walked away but i know , regards dion # peace # # democracy # ! # goal # ? ?",0.0979712,0.05054494,0.0979712,2.7754149417942657,2.4318462183162017,5.134214114230387,Neutral,neutral
213,"# scotus # , we need to force # power # # plants # to cut # emissions # of # mercury # and other # air # pollutants as soon as possible ! # potus # # Emergency Parent Alert # # justices #",0.09907353,0.04961948,0.09907353,2.4973472905487792,3.485663785399044,5.430414506542403,Negative,support
214,the ruling by scotus is a major setback for Emergency Parent Alert the environment # dirty coal #,0.11097635,0.03977897,0.11097635,3.094679060079416,3.5312887084421627,5.823400289160162,Negative,support
215,nz stuff business time to change the government ! # fracking # # c02 # # methane # # pollution # # cancer # # health # # earthquake # # water # # leaks #,0.105788544,0.044119872000000004,0.105788544,2.3052087346461296,2.9939125919472027,5.181326850977767,Negative,support
216,# seb a mm # # seb 2015 # pr t ner explains the work of the # ipcc #,0.10385157,0.044212907999999995,0.10385157,2.2460180414767605,1.5356095149192792,4.5829810768205235,Neutral,neutral
217,suzy ji climate depot great news to arrest a regulatory agency 's flagrant over reach pathetic how little # Emergency Parent Alert # knows of,0.097231746,0.050976425,0.097231746,1.6842097419072244,2.3536148214933363,4.474364037050004,Negative,support
218,i can literally sense the global warming now,0.10887398599999999,0.039904699999999994,0.10887398599999999,1.664263996205012,1.90980794112942,4.359192198489146,Negative,support
219,st in go 100 weather patterns evolving very differently over the last few years,0.110298134,0.040498957,0.110298134,1.7992946343605491,2.092087438121591,4.565127155473658,Neutral,support
220,coldest and wettest summer in memory # mosquitoes # # mow twice a week # # br rrr #,0.106505975,0.04134105,0.106505975,2.0470173916525747,2.550755068761164,5.056925803912219,Negative,support
221,pope francis really making the rounds # pope francis #,0.11077704,0.040062747999999995,0.11077704,3.908889537242936,4.008560748151832,6.551892483353886,Positive,neutral
222,bend i coot shit who set the supreme court to evil again ?,0.11001009,0.039671704,0.11001009,2.7684558669851995,2.060718641900364,5.211427576727439,Negative,neutral
223,ballot paper posted tim farr on has my vote for leader our liberal voice will be heard # human rights act # # affordable housing #,0.09997412,0.04898843,0.09997412,2.2454184736368807,1.376593355725923,4.3740285774725685,Positive,neutral
224,i am thinking of turning the central heating off ),0.106982484,0.04068744,0.106982484,2.54842448329385,1.7060867705276657,4.537227152210923,Neutral,neutral
225,if like me you felt voiceless then listen to tim farr on # lib dem fight back # fighting for the # human rights act # # affordable housing #,0.09959938,0.04923746,0.09959938,2.6343711078212,2.2932634641316403,5.1090567163640985,Positive,neutral
226,"being an engaged mom , means voting for the climate too supporting only candidates who have a plan too act on # play in 4 climate #",0.10182757,0.04759358,0.10182757,2.3073700775088763,3.0920624394588008,4.859325816695512,Positive,support
227,we could do something the question is will we says paul r ehrlich # sustainable #,0.11082739,0.039928585,0.11082739,2.416389058970599,2.903896269253976,5.139976114136793,Neutral,support
228,"so , its 20 degrees celcius in mendoza argentina beginning of winter # mendoza #",0.110210806,0.039751492,0.110210806,1.918879275452783,2.8269593446208097,5.042042884028848,Neutral,support
229,"it does n't simply rain in houston anymore , it storms",0.11040215,0.03926234,0.11040215,3.266961145504834,3.052744937598245,5.635067272457553,Negative,support
230,i do n't care why the globe is warming i just want to stop it before there is irreparable harm # fuck politics # # science rules #,0.10717678,0.043321736,0.10717678,2.6655595282362863,2.793605876910874,5.198679137806043,Negative,support
231,world futures council man at # f sds 15 # points out absurdity of cost benefit analysis discounting future lives # sustainable #,0.09796744,0.050188377,0.09796744,2.1492859305076992,2.523867974897873,5.008341955522741,Negative,support
232,last thursday lake mead ( the largest you is reservoir ) had the lowest water level reported since 1937 # history in the making #,0.102390334,0.046939343,0.102390334,1.9993871963985717,2.547516671897444,4.934684837488866,Negative,support
233,56 here we see how environmental deterioration and human ethical degradation are closely linked # lauda to si # # environment #,0.10995133,0.040270224,0.10995133,2.8447647783701617,3.217124681068116,5.756016886069558,Negative,support
234,# mission # # climate # home defrost old fridges and freezers regularly # tip # # love our planet #,0.11020930000000001,0.039673828,0.11020930000000001,1.9427737725047307,3.124165311628352,4.771314087787442,Positive,support
235,obamacare doctors should warn global warming could make patients ' health worse # obama # # president obama # # whitehouse #,0.09728871,0.051082075,0.09728871,2.667215975720424,2.9695757178303905,5.374993224364481,Negative,support
236,"china , i had plans to work on other things today rude # eu china #",0.11032873,0.040608175,0.11032873,2.9162189329372805,3.15006366536781,5.495796044466911,Negative,neutral
237,"went for a run , now i ca n't feel my legs and my brain feels like it 's boiling",0.11113377,0.03969507,0.11113377,2.712069593367141,1.829500527232552,4.788938160448125,Negative,neutral
238,disappointed that we are basing decisions about our very real planet on a man made currency system # scotus # # Emergency Parent Alert #,0.10672423,0.043735317999999995,0.10672423,1.68265234309597,2.2441554007738507,4.538354171546559,Negative,support
239,"# ask robert redford # beyond the national level , what can be done on the individual level to mitigate the effects of",0.107115895,0.043253213,0.107115895,2.76980795359564,3.057148895211318,5.53524185247944,Neutral,support
240,"daly deg agne 2010 red mittens canada alone needs too invest 60 billion a year , paid for by efficiency # cd n poli # # environment #",0.092407055,0.054142922,0.092407055,1.9726903785648804,2.4926561058582433,4.8769094401090145,Neutral,support
241,# cop 21 # can succeed or fail if humankind wants to survive something must be done not for nature but for humans simple,0.10355816,0.046271734,0.10355816,2.921557108222941,3.356140481661213,5.772154436652797,Positive,support
242,eco watch robert redford pope say time is now green nh 3 is ready to roll we all want machines what is holdup ? # pollution #,0.10214778,0.047250323,0.10214778,3.0436780009006985,3.310620591666396,5.62891576346659,Negative,support
243,sir david attenborough and barack obama diss gus sing the planet future the room does n't get any better than this,0.09997159,0.049023837,0.09997159,2.900016637677022,2.661371909580485,5.111797692453515,Positive,support
244,rb jr on fed up of polly s jolly 57 la we should worry about the state he 's going to leave # australia # in # nbn # fraud band # refugees #,0.10002641,0.048726900000000004,0.10002641,2.620077820445214,1.9880108820970983,4.893778803183189,Negative,neutral
245,"need to separate natural disasters from man made disasters , emphasize polluter pays , and need for loss and damage # tuvalu pm #",0.103886954,0.045784727000000004,0.103886954,2.1793182417125947,3.096063913253788,5.094932630385277,Negative,support
246,at the un with crew now ) trash is 4 toss ers,0.104147516,0.042460248,0.104147516,3.9558788374734575,4.135469249745983,6.78950745098418,Positive,neutral
247,e il on wy a 10 those items need to come back,0.10966697,0.04103356,0.10966697,2.4397483746370114,2.3511003038570024,5.027322035613468,Neutral,neutral
248,rosalind peterson addressing un on how aerosol spraying ( chem trails ) is affecting agriculture # not a debate # # engineering #,0.10577205,0.04336606,0.10577205,2.608691121328882,3.1700845940834896,5.700261725438454,Neutral,support
249,icicle 167 okay yeah that 's bad but vancouver literally never used to get this hot # lauda to si ',0.109254405,0.04137584,0.109254405,2.7197767799844086,2.7053621208126213,5.248126992204738,Negative,support
250,"feeling like # scotus # got it right , right , right then very wrong sigh # climate denial #",0.107559234,0.043051645,0.107559234,3.144088800090593,3.24391324520979,5.4152369042154636,Negative,support
251,# northwest # # heatwave # continues first time ever my tomato plants have fruit in june ! # oregon # # organic #,0.10946124,0.041312896,0.10946124,1.8979173405312253,2.174499759794505,4.517644223702374,Positive,support
252,good news # scotus # confirmed the # un # has zero authority of you is property or enforcement who cares what the elites say ! # cop 21 #,0.10798975,0.04259967,0.10798975,2.563228189298819,2.4181376241497707,5.079457651542161,Positive,neutral
253,"rob silver what are the chances , ir bro die ? # kyoto # # cpc # ? # cd n poli #",0.10790327,0.040911004,0.10790327,2.226528331200936,1.5519960324636737,4.687894773581615,Neutral,neutral
254,heid tj j d jr me wzi que mike h 6 mark linde sr father jonathan i think we found something more dangerous to america than,0.08489921,0.058515175999999995,0.08489921,2.202851753592924,1.4449273340084117,4.4990804374653965,Negative,neutral
255,every human commits original sin with it 's first out breath of co2 mankind is fallen # bible #,0.11026398,0.04007104,0.11026398,2.79021511057846,3.0664024415922384,5.442753283948723,Negative,support
256,if you do not repent your emission of co2 you will end up in hell # bible #,0.10827354,0.040441275,0.10827354,2.5905110007161314,3.1640722488632487,5.455520052564824,Negative,support
257,and onan cast his co2 into the atmosphere and committed the sin of emission # bible #,0.10879528,0.040248162999999997,0.10879528,2.0339150619485227,2.373414660754921,4.89112347978459,Negative,support
258,as the world emitted co2 water vapor built up in the atmosphere and caused the lord to send the flood in retribution # bible #,0.106726475,0.04337334,0.106726475,2.7036404415473334,3.446171445792743,5.67523994931126,Negative,support
259,"# mission # # climate # home pass your magazines on to a friend , hospital , library , or nursing home ( by gaiam ) # tip #",0.110574424,0.04023669,0.110574424,1.4199419023218618,2.86376466887696,4.435280438892876,Positive,support
260,lancet # climate health # report says we need ambitious program like marshall plan or apollo mission to tackle climate change,0.090164065,0.05611804,0.090164065,1.738163484622916,2.6996202097306394,4.383259976599828,Neutral,support
261,naughty be yot ch he is psychic too huh,0.10071799999999999,0.044824055999999994,0.10071799999999999,2.9555805058612643,2.3025573379480613,5.480607329824994,Negative,neutral
262,it 's nights like this when i'm not so fond of my long hair i just want to chop it all off ! # heatwave # # p nw girl #,0.110162556,0.039807499999999996,0.110162556,3.1385267105725942,2.6004891359190427,5.4873420080073645,Negative,neutral
263,"we are n't the dinosaurs , we 're the asteroid # earth # # extinction #",0.10483483,0.042067565,0.10483483,2.3396399877823075,2.6040526342601216,4.930997959645907,Negative,support
264,# mission # # climate # on the road drive less ( by green goddess 892 ) # tip # # impact is real #,0.10960237,0.04088688,0.10960237,2.2490999520718713,3.4665149794088115,5.014771160281384,Positive,support
265,look out for the hashtag # uk climate 2015 # for news today on how the uk is doing in both reducing emissions and adapting to,0.10708798,0.04312168,0.10708798,3.069017582217584,3.8201181495265297,5.796944569999808,Positive,support
266,pupils in p5 7 from l include n primary are participating in carbon busters project 2015 2016 ! # learning for sustainability #,0.09948482,0.04799868,0.09948482,1.665986966810567,2.191543563262164,4.5464289441987065,Positive,support
267,"around 1500 new homes being built every year in england in areas at high risk of # floods # , adding to risk from # uk climate 2015 #",0.095131785,0.052366315999999996,0.095131785,2.9820995236482712,3.979163510756508,5.827444761663934,Negative,support
268,"top down approach is not only the solution , global governments must act together with global community against",0.10662405,0.043920852,0.10662405,3.468050547349114,3.8806222046234,6.344679361342816,Negative,support
269,australia your turn to watch obama attenborough abc environment,0.11089305599999999,0.0395701,0.11089305599999999,2.708934537589612,1.9328380760134247,4.277588283399909,Neutral,neutral
270,# tony abbott # hope you 're watching president obama talking about,0.11042916,0.040521726,0.11042916,2.7687671037221624,1.986054139303004,4.6362106137541845,Positive,neutral
271,how did the # great barrier reef # look to you compared to when you dived it 60 years ago ? potus # attenborough # foreign official,0.10742696,0.0429399,0.10742696,2.564823375337252,2.8395105784436017,5.2400254993047195,Neutral,support
272,"it 's mindblowing to me to watch this , # sir david attenborough #",0.10793061,0.040989302000000005,0.10793061,3.1613916477435784,2.547325563031695,4.98282135325677,Positive,neutral
273,david attenborough being interviewed by president obama is brilliant fascinating viewing # foreign correspondent # # abc # # tunein #,0.10862659,0.04204221,0.10862659,3.621639222513498,3.2525139129622453,5.897886387982623,Positive,neutral
274,# mission # # climate # home simplify ( by be zero waste ) # tip # # do your part #,0.110598736,0.03953214,0.110598736,2.611380848982125,4.345767028077994,5.4939787467697165,Positive,support
275,"clean technology , this is your moment # innovation # # technology # # david attenborough is my hero #",0.10995062,0.04076062,0.10995062,2.3235282745952937,2.401276155151897,4.7222518953193635,Positive,support
276,attenborough d states the media needs to promote the damage of climate change how about you # bolt # ? # foreign correspondent #,0.10710401,0.04344457400000001,0.10710401,3.0997503904363994,3.85545652757334,5.59769188108485,Negative,support
277,water temperature off the atlantic coast is in the 80s in june we are like proverbial frogs in boiling water # climate #,0.11001031,0.040398285,0.11001031,1.5039695619347917,2.4179109678674418,4.3599617210098325,Negative,support
278,"the # great man # barack obama met # great man # david attenborough change seems possible , attainable listen up ! # at ten bor obama #",0.095236555,0.052377365999999995,0.095236555,2.3191245259714717,2.2110260992786768,4.292648827262329,Positive,support
279,"obama attenborough brilliant , heart felt honest why ca n't we have such a discussion here in oz # renewable # # abc # # a us pol #",0.10460439,0.045285664,0.10460439,2.971965819223926,2.6679163185337726,5.185551172722828,Positive,support
280,scary stat of the day 7 of the area of urban greenspace in england has been lost since 2001 the ccc uk,0.10565843400000001,0.044172958,0.10565843400000001,2.21143196612202,2.693889725640582,5.158869747390519,Negative,support
281,what can young people do about climate change ? change agents a gen earth ella bella c miss earth sa # youth #,0.10464828,0.04538399,0.10464828,2.280966629623076,2.9874314189660547,4.912476747459033,Neutral,support
282,met ace pti ve j m gamer or us gutted i 've missed this would have loved to hear this talk africa represented,0.099095285,0.049665100000000004,0.099095285,3.0035536458257885,2.6251432762077056,5.418207563542552,Positive,neutral
283,"everywhere we look , moderate weather seems to be going extinct # robert redford # # un #",0.109690465,0.04104843,0.109690465,2.643677293609666,2.9800403774080118,5.345706178648611,Negative,support
284,"rupert murdoch feel ! i 'll bin this one upload a newer mix in a few days see which version you like better , reply 's d # peace #",0.09547268,0.052318744,0.09547268,2.726333104023851,1.9984048297000048,4.9974347477678105,Positive,neutral
285,gina epa yes but silica dust emissions are up and little is done about it at the state level and it effects,0.107558414,0.042664855999999994,0.107558414,2.381828452364375,3.0488911732887414,5.373115893415252,Negative,support
286,# tolerance # i wonder how much more # mother # # earth # has at # methodology # levels reply our # capitalistic # # ideologies # ?,0.110346384,0.039734542000000005,0.110346384,2.8856690689530424,3.1058740908728826,5.5591932383353635,Negative,support
287,mex on u # green climate fund # projects must be long lasting lay the groundwork for low carbon development economic models,0.0940255,0.053134352,0.0940255,2.639830668528949,3.253750506802285,5.48846792713202,Positive,support
288,just in trudeau rethink fusion terry beech adam jp an kr atz jonathan wnv # engineering innovation # future green tech to deal with,0.08885966,0.05622168,0.08885966,1.6160094585369094,2.1524704178298046,4.64688035537916,Positive,support
289,i'm sick of celebrities who think being a well known actor makes them an authority on anything else # robert redford # # un #,0.10273136,0.04683888,0.10273136,2.5137901760876593,2.56094438017586,5.6035457199791585,Negative,oppose
290,man cannot change the climate of any country he adds no new element to the soil charles darwin # anthropocene #,0.10667393,0.043676555,0.10667393,2.3615167129662833,2.706095005791758,5.380254063256031,Negative,oppose
291,red scare bot simple malarkey rt ginger dr global warming climate change all a hoax communist agenda for control # sustain a bil #,0.090908155,0.0549756,0.090908155,2.7226299267527443,3.029072052420921,5.727573208970518,Negative,oppose
292,arctic ice highest in 10 years for the month of june yet no headlines # scam #,0.10957501,0.04127244,0.10957501,2.3165915047641987,2.5108522569636205,5.683290732047629,Negative,oppose
293,there has never been a better time to get the heck out of california # vaccines # # science # # gmo # # bees # # autism # # gmo # # sb 277 #,0.11016361,0.040429525,0.11016361,3.5210721874857587,3.454754389062373,6.0734279420337005,Negative,neutral
294,"noted climatologist , marine biologist , oceanographer ted danson told us 27 years ago that the oceans would be dead in 10 years",0.09081516,0.055631384000000006,0.09081516,1.4537707576440488,1.2058974324639102,4.851047225609038,Negative,oppose
295,"i bet as a species , man farts more today due to soda , carbonated beverages fast food than any other recorded era before",0.1090276,0.04089178,0.1090276,2.923863886812183,2.8455453183506423,5.551528934580675,Negative,neutral
296,"as a general rule , mandatory things of all kinds should be refused # vaccines # # gmo # # science # # bees # # fitness # # sb 277 # # nutrition #",0.109480694,0.041041076,0.109480694,3.1457812599412684,2.9649048533141658,5.659786428360188,Negative,neutral
297,"dean leh earth guardian z excellent speech ! well done showed your video to birdie , she is ready to be part of the change # rise #",0.09138998400000001,0.055177957,0.09138998400000001,2.686428655131812,2.3841776973597475,5.122819561722753,Positive,neutral
298,jody bland the real question is do you feel safe driving a prius through harrison ?,0.11092809,0.039539784,0.11092809,3.053462237385679,2.8082999092936825,5.542390091238639,Neutral,neutral
299,# trans pregnancy # # transgender # is a major reason why scientists ca n't find a cure to # cancer # # aids #,0.105442576,0.04466693,0.105442576,2.9429153490482163,2.1690651498102653,5.087996870061615,Negative,neutral
300,if this heat is killing me i do n't want to know what the poor polar bears are going through right now,0.10960789,0.04123342,0.10960789,3.2526566400875536,3.1807433456690744,5.609969522651754,Negative,support
301,when the well is dry we know the value of # water # ben franklin # acton climate # # Emergency Parent Alert #,0.108537845,0.04215558,0.108537845,1.9162418145430296,2.964266745315803,4.705979112746241,Neutral,support
302,"year old if you live in the united states right now , and do not believe in global climate change , you 're a fucking idiot # fact #",0.104574844,0.045551105999999994,0.104574844,3.082048644539926,3.5157275399383585,5.570080765931015,Negative,support
303,thanks # marc levine # # like # mike for supporting legislation on,0.11071807,0.040055178,0.11071807,2.4926844131376202,1.7369373062855986,4.892438440622992,Positive,neutral
304,# heatstroke # in sind rajasthan temperature in cres ng in frozen areas # earthquake # rain shower reduced a massive climate change,0.09912236,0.04883845,0.09912236,2.1586344820122165,2.8636424387810377,4.95997195236722,Neutral,support
305,it 's so unfortunate that the systematic destruction of our planet is merely seen to some as a political issue,0.11025014,0.040348455,0.11025014,2.1099656792628143,2.3508342574425485,4.882063858345722,Negative,support
306,people at the bar bitching about the heat and drought no one utters the words # fossil fuel # caused # elephant in the room # # denial #,0.10872193,0.04150434,0.10872193,2.7606016270615785,3.1553130433442185,5.589728140972255,Negative,support
307,"fire until dawn chris k kenny let me guess you 're a lying , rabid leftist war mist used to twisting facts to further your agenda",0.10609543,0.04360789,0.10609543,2.8994099207110224,2.514101610158884,5.339095260682764,Negative,neutral
308,heartland in st the french ? you mean the nation that builds tanks with a rear view mirror and six gears in reverse,0.10764976,0.042472214,0.10764976,1.9829754092416567,1.2604209916749924,4.1703990467460565,Negative,neutral
309,my dogs are # panting # to the beat of my music !,0.106642455,0.041070312000000005,0.106642455,3.0417577505126987,2.721663243148733,5.542224547698535,Positive,neutral
310,"a high emissions scenario would be a disaster for marine life , as well as for ourselves dr williamson",0.10948263,0.04145187,0.10948263,2.7294280918998672,3.2855461193906583,5.790278447639098,Negative,support
311,there are a lot of things that need to be done but first should be changing our mindset # water management #,0.11032297,0.04059477,0.11032297,2.799079723861094,3.292520885537674,5.227759387650711,Negative,support
312,it 's hot as s face in # seattle # this is not normal ! # hot af #,0.108809136,0.039718263,0.108809136,3.8436353930502234,3.7538284179294896,6.228010486225092,Negative,support
313,os teo math capital weather funny how you all of a sudden refer to him as a weatherman now # climate change # weather,0.10551167,0.044451535,0.10551167,1.8774724382352277,2.441539000398481,4.632542972756833,Negative,support
314,"not to worry , sediment cores prove shellfish coral will recover in just 160 , 000 years # oil and gas # # rbe # # tvp #",0.10963347,0.04042247,0.10963347,2.0559215973926404,2.5155929989969184,4.970405728636353,Neutral,support
315,have never been so outrageously grateful for a slight cool breeze drifting over my body is this the future ? # naked times #,0.11053723,0.040101632000000005,0.11053723,1.2396445978571586,1.6511615980598393,4.1475197159323365,Positive,support
316,"hey dr anthony lyn ham , please reject the adani carmichael # coal # mine and abbot point our reef and climate are at risk ! # gbr #",0.10168027,0.046995707000000005,0.10168027,1.8032077698158981,2.3689892469991736,4.645317300986863,Negative,support
317,tornado warnings for the uk this weekend and the government still chooses to ignore global warming # uk weather #,0.10410327,0.04586208,0.10410327,2.5544841738991386,2.7034751593233524,5.18225826556054,Negative,support
318,# main au declaration 2015 # watch out guys this is huge ! ! # lindau nobel #,0.10878272,0.0412976,0.10878272,2.3913815831691547,2.0437900017119395,4.406693257906075,Positive,neutral
319,# main au declaration 2015 # lets push the a genga worldwide without any fear # climate justice 2015 #,0.10253179999999999,0.046933837,0.10253179999999999,1.6079862408367984,2.1827419285185043,4.198842739041679,Positive,support
320,# main au declaration 2015 # 60 years later # lino 15 # laureates and young scientists say it is time to act,0.09397371,0.053476765999999995,0.09397371,1.5173193022787317,1.8797018856662664,4.0488202755953315,Neutral,support
321,p saint a mans well designed tax policies can help fix a number of environmental issues # it d conf # # cop 21 #,0.10178098,0.04746096,0.10178098,2.7351847248308583,3.1158670917296365,5.5878681429854975,Positive,support
322,just read scalia 's idiotic opinion overturning the Emergency Parent Alert 's carbon emissions limits planning to spend day in a seething rage,0.103364475,0.046239465,0.103364475,2.426365874880456,2.762566583212482,5.1362932698930965,Negative,support
323,do n't act as if we have another planet to live in # cop 21 #,0.11026644,0.03921762,0.11026644,3.297972561317548,3.2485547237740287,5.5733135118247805,Negative,support
324,re ince # gop clown car # a shame # gop # considers hrc emails more disconcerting than # jobs # # infrastructure # # education #,0.104979895,0.043749288,0.104979895,2.8154527207032847,2.1628095707678483,5.203600499338531,Negative,neutral
325,( 1 too ) poisoning of the # biosphere # cannot be dealt with by free market economics # tax wall street # # environment # # gmo #,0.10747913,0.04265642,0.10747913,2.4620794780918698,3.048898527559749,5.504017103376914,Negative,support
326,solar impulse i see this pick up on the rwy with the follow me andr sign it should be the other way round !,0.108007684,0.04235834,0.108007684,3.290442994203644,3.3185822414017188,6.034458208218912,Negative,neutral
327,everyone is busy building their bank accounts but one day that paper wo n't help you during massive natural calamities,0.10206172599999999,0.047269814,0.10206172599999999,2.595600426295399,2.537291450345061,4.962846770125099,Negative,support
328,you is should hold referendum prior to paris talks to gauge american support for dealing ( hopefully leading ) on,0.10443583,0.04564853,0.10443583,3.107551355898883,2.8697016841794802,5.771115153990041,Neutral,neutral
329,"audio world , look out ! there 's a new sheriff in town # audio # # music # # world # # entrepreneur # # love # # life #",0.106073566,0.044269428,0.106073566,2.9992788123100587,2.666127755853898,5.371160480274106,Positive,neutral
330,"second heatwave hits not applicable no way popping up everywhere , and floods too , record wildfires in canada , what a mess , time up !",0.10592531,0.044283964,0.10592531,3.4219602051942952,3.919433077302081,6.337451599982964,Negative,support
331,"global warming ! global warming ! global warming ! oh wait , it 's summer",0.109046176,0.04184021,0.109046176,3.457369626549984,3.176254322910379,5.665289363064487,Negative,oppose
332,gl bl warming news and the tooth fairy might be causing kids to lose teeth ! # carbon tax scam # # chem trails #,0.10683063,0.04272978,0.10683063,2.0017704586509133,2.073265978461356,5.7570382436519,Negative,oppose
333,t sgt alexander gl bl warming news and the tooth fairy might be causing kids to lose teeth ! # carbon tax scam # # chem trails #,0.10387726,0.04515393,0.10387726,1.8118107957587384,1.8284927394857933,5.615820147150128,Negative,oppose
334,brett gar rot brett gar rot gl bl warming news and the tooth fairy might be causing kids to lose teeth ! # carbon tax scam # # chem trails #,0.09622877,0.050253518,0.09622877,1.8975953936491352,1.7369889104628375,5.592678405852501,Negative,oppose
335,when did co2 become a dangerous pollutant that must be curtailed ? what do you exhale again ? # i want answers #,0.11021305,0.04007513,0.11021305,3.5794886174072573,3.685965201213659,6.480947205528285,Negative,oppose
336,we 're growing vegetables at home tell your friends and followers what you 're doing for climate ! # my change for climate #,0.10901969999999998,0.041611344,0.10901969999999998,1.9803748249186064,3.0774388032609337,4.57059754830084,Positive,support
337,"led lights , water saving toilets , showerheads , appliances etc when we renovate , we choose efficient # my change for climate #",0.10247715,0.045345187,0.10247715,1.7312341889933338,2.4433293808651237,4.4737316710817225,Positive,support
338,"evening al gore , any # democratic # thoughts as yet ? i get # bored # easy reply the # politics # of it all hop hop , regards d # peace # # gms #",0.0989867,0.049636677000000004,0.0989867,3.337690300913645,2.738906270795207,5.661621418081409,Negative,neutral
339,if there cl mate change alarmists come out in sept this year and tell me this was the hottest winter on record ill go postal,0.10132213,0.047972836,0.10132213,2.741851795937412,2.8473272770198697,5.827309412592454,Negative,oppose
340,cree clayton wonderful to find you on twitter meet masroor a a canadian working in,0.109385505,0.04117118,0.109385505,2.993889372875108,2.645225653649294,5.338360055921756,Positive,neutral
341,"potus , before we can defeat isis we first must defeat",0.110325195,0.04021173,0.110325195,3.029007808216813,2.9975736869705663,5.508012912766503,Neutral,neutral
342,# mission # # climate # home reduce reuse recycle replenish restore ( by scrap catalytic s ) # tip # # earth right now #,0.10810139999999999,0.04210666,0.10810139999999999,1.9764158199767443,3.1938435350291376,4.877908320614255,Positive,support
343,"without a place for feeding , mating and giving birth , there is no future for polar bears (",0.11047246,0.040157825,0.11047246,1.5983173751305002,2.1805074171014507,4.698272928382535,Negative,support
344,because continues to burn if this Artificial Intelligence n't a wake up call to everyone then nothing will be # vancouver # # bc wildfires #,0.10732351,0.04320418,0.10732351,2.5168114252599265,2.4317501338116947,4.925671355863597,Negative,support
345,pittsburgh had a regatta without boats river full of debris and swift currents too dangerous,0.10997718599999999,0.040656224,0.10997718599999999,2.4363550874515063,1.5550799052472941,4.6979118091719565,Negative,neutral
346,"un , decline of 50 in crop yields in developing countries ( rice , wheat , corn ) over the next 35 years , especially in the tropics",0.100246795,0.04873191599999999,0.100246795,1.9837455817475516,2.395414463246621,4.972095462949372,Negative,support
347,great meeting balboa lice and ctw igg 1 today to discuss future cities and how uk expertise can be shared applied in # china #,0.09432329,0.05280987,0.09432329,2.79267733123936,2.465071563768546,5.108718692175701,Positive,neutral
348,rep tom marino my priority is to address,0.10689283,0.04140997,0.10689283,2.8379770883334325,2.068478398929679,5.247212938270153,Neutral,neutral
349,rt media rage one of the most brilliant bullshit stories created by man to subjugate others # leftist lies is bs #,0.109178185,0.041173443,0.109178185,2.7868387454227155,2.5779824772756323,5.141715151583021,Negative,neutral
350,there is need for world economic powers to be true about climate change funding the world needs action not empty rhetorics,0.10456991,0.045516416,0.10456991,3.1496162857634347,4.315910956556508,5.908986977938367,Negative,support
351,"cops , un conferences , board room meetings till when shall this continue when innocent lives and livelihoods are lost",0.10345255,0.04624346,0.10345255,2.9580530365795834,2.739084971922146,5.4167546996605385,Negative,neutral
352,scorching summers for uk by end of the century ! thank rocks i wo n't be here to suffer them ! ),0.10959473,0.041234612000000004,0.10959473,2.415140350766337,2.6905136515667527,4.978598969503233,Positive,support
353,try to create the world you want to live in dalai lama # with compassion #,0.11077052,0.04008487,0.11077052,2.7216616630930064,2.266061318975831,5.004741815959153,Positive,neutral
354,sea level rise by the end of the century ( 1 too meters ) will drown sf airport and la port i veli cog na # with compassion #,0.108254515,0.04183905,0.108254515,2.1248387118315786,2.683929864732214,5.098375601618537,Negative,support
355,climate change is an emergency stop denial and start taking steps # climate health #,0.1074412,0.043205574000000004,0.1074412,2.138741615811225,3.1711785698497836,4.6375932125017405,Negative,support
356,rt fado ben 60 when the rate of # utilization # exceeds the rate of # regeneration # then it calls for # degradation # # mi chach allen #,0.10452003,0.044558004000000005,0.10452003,2.351893177896075,1.5552991442536723,4.528524726768018,Negative,neutral
357,climate change is a solvable problem but we need to start today # h hdl 80 #,0.1101374,0.04033628,0.1101374,1.956719371860824,3.1083942532900988,4.6972297296763985,Positive,support
358,dalai lama suggests we should have schools for politicians to educate them on critical issues # with compassion # # h hdl 80 #,0.108714655,0.041833073,0.108714655,2.877614067309913,2.47154093221524,5.528617348740454,Positive,neutral
359,shalom shu li i'm guessing there was a lot less humidity back in the time of moses,0.10648699999999998,0.04379092,0.10648699999999998,1.8776603777356788,2.337045624170901,4.691822303523416,Negative,support
360,are these ominous yellow # vancouver # skies making anyone else dread our climate future ? # wildfires #,0.10827715,0.04222864,0.10827715,2.1229569186242734,2.6535387111827338,4.882507106077728,Negative,support
361,"cause and effect dry conditions , wildfires # preventable # # human caused #",0.11090969,0.039304822999999996,0.11090969,2.177377632443669,2.7494024345665014,5.202131527113873,Negative,support
362,# saving my tomorrow # hbo why are you guys not promoting this like crazy ? ? ? ? # hbo #,0.11131671,0.03925401,0.11131671,3.281079794838958,2.981329499025676,5.794754310463578,Negative,neutral
363,greenland 's ice is melting faster this summer under a dome of high pressure,0.110075876,0.040284038,0.110075876,2.3305920810855474,2.787356858755574,5.248718340292559,Neutral,support
364,david akin l raitt installing new # forest fire # navigation systems ? # no kinder morgan # # not ars and s # # cd n poli #,0.10658328,0.04324396,0.10658328,2.4008139116730423,1.9074446846068147,4.768935509986057,Neutral,neutral
365,ky j l 89 it 's crazy oklahoma is bracing for more flooding rains ( 4th cycle this year ) canada is burning,0.10304540400000001,0.046308905,0.10304540400000001,2.7348216558544998,2.8459642796057687,5.2242325896706,Negative,support
366,that awkward moment when a professional coal pr campaign has over 100k more followers than you do advanced energy # greenwashing #,0.10905703,0.041324265,0.10905703,2.171430646002364,2.5553253643350247,5.117115793870256,Negative,support
367,i'm going to side with the really smart and well educated folks on this one guys,0.10999489999999998,0.04095258,0.10999489999999998,4.0049174549103945,3.867258333297539,6.520514576285845,Positive,neutral
368,"climate change financing , cc adaptation , cc and resilience , the green economy lots of semantics as communities wait for solutions",0.103266984,0.04590395,0.103266984,2.7956741025135043,3.4876814209569247,5.531273194626359,Neutral,support
369,as s aad razz o uk the earth network wynn and reid usa is behind due to idiocy,0.10857408,0.041859195,0.10857408,2.7013595791762595,2.2719339533947176,5.205185610969963,Negative,neutral
370,tonight academy of science talk tech solutions for climate change with prof barry brook # cantor and ball towers # # canberra #,0.104898505,0.044933006,0.104898505,3.163984162017565,3.796482200944935,6.021877808960893,Neutral,support
371,revelation 1217 ero tao the snow is melting ? # t cot #,0.1020555,0.04381199,0.1020555,2.3586597984657947,1.5790832110290445,4.831903359407039,Neutral,neutral
372,wsj images like this make me fearful that the next epidemic must be coming soon # overpopulation #,0.10859478,0.04210989,0.10859478,2.8727837407631327,2.532946957717323,5.468312345572696,Negative,neutral
373,musk oka 247 musk oka 411 you 're proud of that ? # shoal lake # # boil water # # fort chip # # cancer # # vanuatu # # bala falls # # landscaping issues #,0.09739149999999999,0.049383856,0.09739149999999999,2.7996832444362036,2.2512322839348267,5.197360256060285,Negative,neutral
374,the # mn twins # game is going really fast tonight more proof of,0.11049162,0.040383674,0.11049162,3.1776522079249316,2.7850739006937646,5.729110999583683,Positive,neutral
375,noel kck tom ste yer bill nye potus further proof of,0.10511059,0.042376287,0.10511059,2.356700523071399,1.405318681014472,4.624613036380072,Neutral,neutral
376,porter the report please do n't let him win this your loyal readers support you,0.10790976,0.042737603,0.10790976,3.5086053086907025,3.3479827340970028,5.857062257984822,Positive,neutral
377,wish everyone was n't so pale this season # suntan # # baby oil # # the bachelorette #,0.11012464,0.039555848,0.11012464,2.610002083865432,2.043171717689806,4.903054352030099,Negative,neutral
378,"national announces plan to put out fire in pantry rest of the house can burn baby , burn # same old shit #",0.10777322,0.042922422,0.10777322,2.5341775986301394,2.0229338313589795,4.76050110634558,Negative,neutral
379,rent a theatre and show the movie # chasing ice # to my friends and family to spread the message of global warming # my 1500 #,0.10564681,0.044334695,0.10564681,1.2686774893023347,1.8834883765905148,4.27079945724964,Neutral,support
380,rt easy print it j a rt first king tre freak # rain # in kingston # jamaica # sudden # s ku ii 876 #,0.103210516,0.04611768,0.103210516,2.2930896598440995,1.6689187579775715,4.390335201243664,Neutral,neutral
381,stormiest 2014 2014 in ireland and uk in I love you years that saying something news climate watts up with that,0.10353708,0.046285167,0.10353708,2.5491352276989607,2.8578044136516936,5.105458106133852,Neutral,support
382,"liberal a us # wrong # # century # reply the # ipcc report # the involved # methodology # i do have to say , regards dion # peace # # ideology #",0.101130255,0.048057005,0.101130255,3.071310856891753,2.835297487467547,5.4023634584356985,Neutral,neutral
383,"# takedown the flag # # love wins # represent tectonic cultural shifts , thanks in no small part too twitter facebook imagine same for",0.10422815,0.04527463,0.10422815,3.8499159167643233,3.9027019535439935,6.542393239881814,Negative,neutral
384,i expected new zealand 's so called leaders to show leadership instead they show weak minded ignorance laggard ship,0.10383488,0.04612027,0.10383488,2.9600338543445766,2.7054550719217665,5.417839758213813,Negative,neutral
385,11 reduction is this a joke ? our govt seems to be more concerned about flag change than,0.11049306,0.040044434,0.11049306,1.871951870918372,1.153346362173184,3.977755633203373,Negative,neutral
386,until newyork london frankfurt knee deep in sea # water # nothing will happen unfccc # cop 21 # # co 95 # free parties anna borger yd,0.09628601,0.051296100000000004,0.09628601,2.6344330355116363,3.1609843208240163,5.639250621362518,Negative,support
387,"cli mat paris 2015 , the climate science forum begins today follow its progress on # c fcc 15 # # sustainable development #",0.09180639,0.054721415,0.09180639,2.2367639096433907,2.8890004850055218,5.07090921388104,Positive,support
388,we need integrated # science # with # indigenous # knowledge to understand adapt to # c fcc 15 #,0.10863945,0.04206551,0.10863945,2.6014916381830333,3.2463847292436863,5.4569305382466435,Positive,support
389,"whelan 60 while this debate goes on , yet more time is wasted # the drum #",0.11054495,0.040332362000000004,0.11054495,3.473307072480362,3.38834746955904,6.146447445961647,Negative,neutral
390,if sea levels get any higher flooding in lowlands could become dire,0.11023288,0.040455326,0.11023288,3.446733608573348,3.862396409415152,6.349244202700237,Negative,support
391,if we do n't do anything we will be the sad generation that had the opportunity to act and did n't # c fcc 15 # # journey 2015 #,0.107675076,0.042793915,0.107675076,2.6715506368552115,2.403062427711212,5.034532565926184,Negative,support
392,val laud belkacem are we the generation who knew what would happen but who did nothing ? say no ! # wakeup # # c fcc 15 #,0.10359797,0.046208112999999995,0.10359797,3.099011551759998,3.4746856647322075,5.866551474445843,Negative,support
393,"if we do not act , we will be the generation who knew , but did not move naja tvb # c fcc 15 #",0.11053156,0.039739154,0.11053156,2.000234063389351,2.3889558816149674,4.7017082073796574,Positive,support
394,the carbon clock is ticking carbon bubble # surplus gas # # carbon # # gas #,0.10809052,0.040532157,0.10809052,1.8459378166160567,2.3631923019507104,4.879289427824905,Negative,support
